Workbook

Sheet Evaluation
A1: ID | B1: Use case | C1: Version | D1: Technique | E1: Prompt (starter - edit as needed) | F1: Output (summary) | G1: Accuracy (1-5) | H1: Relevance (1-5) | I1: Format (1-5) | J1: Consistency (1-5) | K1: Overall | L1: Observations / what I'd change
A2: 1.1 | B2: Summarization | C2: V1 | D2: Basic / vague | E2: Summarize this text: [paste a paragraph] | K2: =IF(COUNT(G2:J2)=0,"",AVERAGE(G2:J2))
A3: 1.2 | B3: Summarization | C3: V2 | D3: Constraints + audience | E3: Summarize the text below in exactly 3 bullet points, each under 15 words, for a non-technical reader. Text: """[paste a paragraph]""" | K3: =IF(COUNT(G3:J3)=0,"",AVERAGE(G3:J3))
A4: 1.3 | B4: Summarization | C4: V3 | D4: Role + example format | E4: You are an editor. Summarize the text below in exactly 3 bullets under 15 words each, in the style of this example: '- Model accuracy rose from 82% to 89%.' Text: """[paste a paragraph]""" | K4: =IF(COUNT(G4:J4)=0,"",AVERAGE(G4:J4))
A5: 2.1 | B5: Classification (review sentiment) | C5: V1 | D5: Basic / vague | E5: What is the sentiment of this review? "The battery is fine but the screen scratches easily." | K5: =IF(COUNT(G5:J5)=0,"",AVERAGE(G5:J5))
A6: 2.2 | B6: Classification (review sentiment) | C6: V2 | D6: Defined labels + output format | E6: Classify the review as Positive, Negative, or Neutral. Reply with the label only. Review: "The battery is fine but the screen scratches easily." | K6: =IF(COUNT(G6:J6)=0,"",AVERAGE(G6:J6))
A7: 2.3 | B7: Classification (review sentiment) | C7: V3 | D7: Few-shot | E7: Classify each review as Positive, Negative, or Neutral. Reply with the label only. Review: "Loved it, works perfectly." -> Positive Review: "Stopped working after two days." -> Negative Review: "It arrived on Tuesday." -> Neutral Review: "The battery is fine but the screen scratches easily." -> | K7: =IF(COUNT(G7:J7)=0,"",AVERAGE(G7:J7))
A8: 3.1 | B8: Data extraction to JSON | C8: V1 | D8: Basic / vague | E8: Get the details from this text: "Invoice from Rahul Sharma on 12 Sept 2026 for Rs 4,500." | K8: =IF(COUNT(G8:J8)=0,"",AVERAGE(G8:J8))
A9: 3.2 | B9: Data extraction to JSON | C9: V2 | D9: Role + schema | E9: You are a data parser. Extract the fields from the text and return only valid JSON with keys name, date, amount. Text: "Invoice from Rahul Sharma on 12 Sept 2026 for Rs 4,500." | K9: =IF(COUNT(G9:J9)=0,"",AVERAGE(G9:J9))
A10: 3.3 | B10: Data extraction to JSON | C10: V3 | D10: Schema + worked example | E10: You are a data parser. Return only valid JSON with keys name, date (YYYY-MM-DD), amount (number). Example: Text: "Paid Anita Rs 900 on 3 Jan 2026" -> {"name":"Anita","date":"2026-01-03","amount":900}. Text: "Invoice from Rahul Sharma on 12 Sept 2026 for Rs 4,500." | K10: =IF(COUNT(G10:J10)=0,"",AVERAGE(G10:J10))
A11: 4.1 | B11: Math / reasoning | C11: V1 | D11: Basic / vague | E11: A shop sells pens at Rs 12 each. I buy 15 pens with a 10% discount on the total. How much do I pay? | K11: =IF(COUNT(G11:J11)=0,"",AVERAGE(G11:J11))
A12: 4.2 | B12: Math / reasoning | C12: V2 | D12: Chain-of-thought | E12: Solve step by step and show each calculation, then give the final answer on its own line: A shop sells pens at Rs 12 each. I buy 15 pens with a 10% discount on the total. How much do I pay? | K12: =IF(COUNT(G12:J12)=0,"",AVERAGE(G12:J12))
A13: 4.3 | B13: Math / reasoning | C13: V3 | D13: Chain-of-thought + self-check | E13: Solve step by step, then re-check your arithmetic and state whether the check passed. End with 'Final answer: Rs X'. Problem: A shop sells pens at Rs 12 each. I buy 15 pens with a 10% discount on the total. How much do I pay? | K13: =IF(COUNT(G13:J13)=0,"",AVERAGE(G13:J13))
... A16: 5.3 | B16: Writing (LinkedIn post) | C16: V3 | D16: Iterative refinement | E16: Improve the previous post: make the opening line more engaging, add one concrete finding (e.g. test accuracy), remove buzzwords, and keep it under 150 words. | K16: =IF(COUNT(G16:J16)=0,"",AVERAGE(G16:J16))

Sheet Instructions
A1: Prompt Engineering Evaluation Sheet - Week 3
A2: Name: Yash Veer Singh | Internship: Skill Set Go EduTech AI/ML | Model used: ____________ (fill in)
A4: How to use this workbook
A5: 1. Go to the 'Evaluation' sheet. Yellow cells are for you to fill in; everything else is pre-filled or calculated.
A6: 2. Run each prompt (starter prompts are provided - edit them to fit your own text/data) in the SAME model.
A7: 3. Paste a short version of the output in the 'Output (summary)' column and screenshot the full run into the screenshots/ folder.
A8: 4. Score Accuracy, Relevance, Format and Consistency from 1 (poor) to 5 (excellent). 'Overall' is calculated automatically.
A9: 5. For Consistency, run the same prompt 3 times and score how similar the three outputs are.
A10: 6. Write a one-line note in 'Observations' about what you would change.
A11: 7. The 'Summary' sheet updates automatically. Add 3-4 lessons learned at the bottom in your own words.
A13: Scoring rubric (1-5)
A14: Accuracy: Is the answer factually/logically correct?
... A25: All scores are left blank on purpose: they must come from the outputs you actually observe.

Sheet Summary
A1: Summary (auto-calculated from the Evaluation sheet)
A3: Average score by prompt version
A4: Version | B4: Avg Accuracy | C4: Avg Relevance | D4: Avg Format | E4: Avg Consistency | F4: Avg Overall
A5: V1 | B5: =IFERROR(AVERAGEIFS(Evaluation!$G$2:$G$16,Evaluation!$C$2:$C$16,$A5),"") | C5: =IFERROR(AVERAGEIFS(Evaluation!$H$2:$H$16,Evaluation!$C$2:$C$16,$A5),"") | D5: =IFERROR(AVERAGEIFS(Evaluation!$I$2:$I$16,Evaluation!$C$2:$C$16,$A5),"") | E5: =IFERROR(AVERAGEIFS(Evaluation!$J$2:$J$16,Evaluation!$C$2:$C$16,$A5),"") | F5: =IFERROR(AVERAGEIFS(Evaluation!$K$2:$K$16,Evaluation!$C$2:$C$16,$A5),"")
A6: V2 | B6: =IFERROR(AVERAGEIFS(Evaluation!$G$2:$G$16,Evaluation!$C$2:$C$16,$A6),"") | C6: =IFERROR(AVERAGEIFS(Evaluation!$H$2:$H$16,Evaluation!$C$2:$C$16,$A6),"") | D6: =IFERROR(AVERAGEIFS(Evaluation!$I$2:$I$16,Evaluation!$C$2:$C$16,$A6),"") | E6: =IFERROR(AVERAGEIFS(Evaluation!$J$2:$J$16,Evaluation!$C$2:$C$16,$A6),"") | F6: =IFERROR(AVERAGEIFS(Evaluation!$K$2:$K$16,Evaluation!$C$2:$C$16,$A6),"")
A7: V3 | B7: =IFERROR(AVERAGEIFS(Evaluation!$G$2:$G$16,Evaluation!$C$2:$C$16,$A7),"") | C7: =IFERROR(AVERAGEIFS(Evaluation!$H$2:$H$16,Evaluation!$C$2:$C$16,$A7),"") | D7: =IFERROR(AVERAGEIFS(Evaluation!$I$2:$I$16,Evaluation!$C$2:$C$16,$A7),"") | E7: =IFERROR(AVERAGEIFS(Evaluation!$J$2:$J$16,Evaluation!$C$2:$C$16,$A7),"") | F7: =IFERROR(AVERAGEIFS(Evaluation!$K$2:$K$16,Evaluation!$C$2:$C$16,$A7),"")
A9: Average overall score by use case
A10: Use case | B10: Avg Overall
A11: Summarization | B11: =IFERROR(AVERAGEIFS(Evaluation!$K$2:$K$16,Evaluation!$B$2:$B$16,$A11),"")
A12: Classification (review sentiment) | B12: =IFERROR(AVERAGEIFS(Evaluation!$K$2:$K$16,Evaluation!$B$2:$B$16,$A12),"")
A13: Data extraction to JSON | B13: =IFERROR(AVERAGEIFS(Evaluation!$K$2:$K$16,Evaluation!$B$2:$B$16,$A13),"")
A14: Math / reasoning | B14: =IFERROR(AVERAGEIFS(Evaluation!$K$2:$K$16,Evaluation!$B$2:$B$16,$A14),"")
A15: Writing (LinkedIn post) | B15: =IFERROR(AVERAGEIFS(Evaluation!$K$2:$K$16,Evaluation!$B$2:$B$16,$A15),"")
A17: Improvement from V1 to V3 (Overall) | B17: =IF(OR(F5="",F7=""),"",F7-F5)
A19: Lessons learned (write 3-4 in your own words after scoring)
A20: 1.
A21: 2.
A22: 3.
A23: 4.
